inventory_id,quantity,created_at,modified_at
1,402,2024-12-24 01:29:16,2024-12-24 01:29:16
2,342,2024-12-24 01:29:16,2024-12-24 01:29:16
3,65,2024-12-24 01:29:16,2024-12-24 01:29:16
4,81,2024-12-24 01:29:16,2024-12-24 01:29:16
5,316,2024-12-24 01:29:16,2024-12-24 01:29:16
6,378,2024-12-24 01:29:16,2024-12-24 01:29:16
7,416,2024-12-24 01:29:16,2024-12-24 01:29:16
8,34,2024-12-24 01:29:16,2024-12-24 01:29:16
9,9,2024-12-24 01:29:16,2024-12-24 01:29:16
10,363,2024-12-24 01:29:16,2024-12-24 01:29:16
11,433,2024-12-24 01:29:16,2024-12-24 01:29:16
12,357,2024-12-24 01:29:16,2024-12-24 01:29:16
13,38,2024-12-24 01:29:16,2024-12-24 01:29:16
14,339,2024-12-24 01:29:16,2024-12-24 01:29:16
15,46,2024-12-24 01:29:16,2024-12-24 01:29:16
16,133,2024-12-24 01:29:16,2024-12-24 01:29:16
17,57,2024-12-24 01:29:16,2024-12-24 01:29:16
18,352,2024-12-24 01:29:16,2024-12-24 01:29:16
19,18,2024-12-24 01:29:16,2024-12-24 01:29:16
20,6,2024-12-24 01:29:16,2024-12-24 01:29:16
21,80,2024-12-24 01:29:16,2024-12-24 01:29:16
22,481,2024-12-24 01:29:16,2024-12-24 01:29:16
23,310,2024-12-24 01:29:16,2024-12-24 01:29:16
24,473,2024-12-24 01:29:16,2024-12-24 01:29:16
25,30,2024-12-24 01:29:16,2024-12-24 01:29:16
26,24,2024-12-24 01:29:16,2024-12-24 01:29:16
27,263,2024-12-24 01:29:16,2024-12-24 01:29:16
28,408,2024-12-24 01:29:16,2024-12-24 01:29:16
29,160,2024-12-24 01:29:16,2024-12-24 01:29:16
30,189,2024-12-24 01:29:16,2024-12-24 01:29:16
31,257,2024-12-24 01:29:16,2024-12-24 01:29:16
32,403,2024-12-24 01:29:16,2024-12-24 01:29:16
33,454,2024-12-24 01:29:16,2024-12-24 01:29:16
34,500,2024-12-24 01:29:16,2024-12-24 01:29:16
35,448,2024-12-24 01:29:16,2024-12-24 01:29:16
36,250,2024-12-24 01:29:16,2024-12-24 01:29:16
37,376,2024-12-24 01:29:16,2024-12-24 01:29:16
38,215,2024-12-24 01:29:16,2024-12-24 01:29:16
39,491,2024-12-24 01:29:16,2024-12-24 01:29:16
40,158,2024-12-24 01:29:16,2024-12-24 01:29:16
41,166,2024-12-24 01:29:16,2024-12-24 01:29:16
42,454,2024-12-24 01:29:16,2024-12-24 01:29:16
43,249,2024-12-24 01:29:16,2024-12-24 01:29:16
44,342,2024-12-24 01:29:16,2024-12-24 01:29:16
45,461,2024-12-24 01:29:16,2024-12-24 01:29:16
46,55,2024-12-24 01:29:16,2024-12-24 01:29:16
47,161,2024-12-24 01:29:16,2024-12-24 01:29:16
48,393,2024-12-24 01:29:16,2024-12-24 01:29:16
49,232,2024-12-24 01:29:16,2024-12-24 01:29:16
50,433,2024-12-24 01:29:16,2024-12-24 01:29:16
51,389,2024-12-24 01:29:16,2024-12-24 01:29:16
52,282,2024-12-24 01:29:16,2024-12-24 01:29:16
53,320,2024-12-24 01:29:16,2024-12-24 01:29:16
54,417,2024-12-24 01:29:16,2024-12-24 01:29:16
55,153,2024-12-24 01:29:16,2024-12-24 01:29:16
56,217,2024-12-24 01:29:16,2024-12-24 01:29:16
57,50,2024-12-24 01:29:16,2024-12-24 01:29:16
58,420,2024-12-24 01:29:16,2024-12-24 01:29:16
59,12,2024-12-24 01:29:16,2024-12-24 01:29:16
60,16,2024-12-24 01:29:16,2024-12-24 01:29:16
61,128,2024-12-24 01:29:16,2024-12-24 01:29:16
62,47,2024-12-24 01:29:16,2024-12-24 01:29:16
63,460,2024-12-24 01:29:16,2024-12-24 01:29:16
64,397,2024-12-24 01:29:16,2024-12-24 01:29:16
65,132,2024-12-24 01:29:16,2024-12-24 01:29:16
66,34,2024-12-24 01:29:16,2024-12-24 01:29:16
67,341,2024-12-24 01:29:16,2024-12-24 01:29:16
68,393,2024-12-24 01:29:16,2024-12-24 01:29:16
69,62,2024-12-24 01:29:16,2024-12-24 01:29:16
70,260,2024-12-24 01:29:16,2024-12-24 01:29:16
71,386,2024-12-24 01:29:16,2024-12-24 01:29:16
72,24,2024-12-24 01:29:16,2024-12-24 01:29:16
73,477,2024-12-24 01:29:16,2024-12-24 01:29:16
74,330,2024-12-24 01:29:16,2024-12-24 01:29:16
75,145,2024-12-24 01:29:16,2024-12-24 01:29:16
76,494,2024-12-24 01:29:16,2024-12-24 01:29:16
77,93,2024-12-24 01:29:16,2024-12-24 01:29:16
78,109,2024-12-24 01:29:16,2024-12-24 01:29:16
79,395,2024-12-24 01:29:16,2024-12-24 01:29:16
80,255,2024-12-24 01:29:16,2024-12-24 01:29:16
81,488,2024-12-24 01:29:16,2024-12-24 01:29:16
82,133,2024-12-24 01:29:16,2024-12-24 01:29:16
83,395,2024-12-24 01:29:16,2024-12-24 01:29:16
84,104,2024-12-24 01:29:16,2024-12-24 01:29:16
85,98,2024-12-24 01:29:16,2024-12-24 01:29:16
86,142,2024-12-24 01:29:16,2024-12-24 01:29:16
87,484,2024-12-24 01:29:16,2024-12-24 01:29:16
88,280,2024-12-24 01:29:16,2024-12-24 01:29:16
89,450,2024-12-24 01:29:16,2024-12-24 01:29:16
90,393,2024-12-24 01:29:16,2024-12-24 01:29:16
91,386,2024-12-24 01:29:16,2024-12-24 01:29:16
92,427,2024-12-24 01:29:16,2024-12-24 01:29:16
93,463,2024-12-24 01:29:16,2024-12-24 01:29:16
94,257,2024-12-24 01:29:16,2024-12-24 01:29:16
95,45,2024-12-24 01:29:16,2024-12-24 01:29:16
96,168,2024-12-24 01:29:16,2024-12-24 01:29:16
97,367,2024-12-24 01:29:16,2024-12-24 01:29:16
98,386,2024-12-24 01:29:16,2024-12-24 01:29:16
99,468,2024-12-24 01:29:16,2024-12-24 01:29:16
100,281,2024-12-24 01:29:16,2024-12-24 01:29:16
101,89,2024-12-24 01:29:16,2024-12-24 01:29:16
102,375,2024-12-24 01:29:16,2024-12-24 01:29:16
103,422,2024-12-24 01:29:16,2024-12-24 01:29:16
104,402,2024-12-24 01:29:16,2024-12-24 01:29:16
105,486,2024-12-24 01:29:16,2024-12-24 01:29:16
106,194,2024-12-24 01:29:16,2024-12-24 01:29:16
107,132,2024-12-24 01:29:16,2024-12-24 01:29:16
108,497,2024-12-24 01:29:16,2024-12-24 01:29:16
109,89,2024-12-24 01:29:16,2024-12-24 01:29:16
110,146,2024-12-24 01:29:16,2024-12-24 01:29:16
111,285,2024-12-24 01:29:16,2024-12-24 01:29:16
112,361,2024-12-24 01:29:16,2024-12-24 01:29:16
113,37,2024-12-24 01:29:16,2024-12-24 01:29:16
114,236,2024-12-24 01:29:16,2024-12-24 01:29:16
115,190,2024-12-24 01:29:16,2024-12-24 01:29:16
116,278,2024-12-24 01:29:16,2024-12-24 01:29:16
117,326,2024-12-24 01:29:16,2024-12-24 01:29:16
118,159,2024-12-24 01:29:16,2024-12-24 01:29:16
119,448,2024-12-24 01:29:16,2024-12-24 01:29:16
120,391,2024-12-24 01:29:16,2024-12-24 01:29:16
121,66,2024-12-24 01:29:16,2024-12-24 01:29:16
122,115,2024-12-24 01:29:16,2024-12-24 01:29:16
123,314,2024-12-24 01:29:16,2024-12-24 01:29:16
124,5,2024-12-24 01:29:16,2024-12-24 01:29:16
125,56,2024-12-24 01:29:16,2024-12-24 01:29:16
126,277,2024-12-24 01:29:16,2024-12-24 01:29:16
127,313,2024-12-24 01:29:16,2024-12-24 01:29:16
128,209,2024-12-24 01:29:16,2024-12-24 01:29:16
129,170,2024-12-24 01:29:16,2024-12-24 01:29:16
130,418,2024-12-24 01:29:16,2024-12-24 01:29:16
131,236,2024-12-24 01:29:16,2024-12-24 01:29:16
132,419,2024-12-24 01:29:16,2024-12-24 01:29:16
133,263,2024-12-24 01:29:16,2024-12-24 01:29:16
134,6,2024-12-24 01:29:16,2024-12-24 01:29:16
135,404,2024-12-24 01:29:16,2024-12-24 01:29:16
136,375,2024-12-24 01:29:16,2024-12-24 01:29:16
137,422,2024-12-24 01:29:16,2024-12-24 01:29:16
138,226,2024-12-24 01:29:16,2024-12-24 01:29:16
139,447,2024-12-24 01:29:16,2024-12-24 01:29:16
140,3,2024-12-24 01:29:16,2024-12-24 01:29:16
141,44,2024-12-24 01:29:16,2024-12-24 01:29:16
142,429,2024-12-24 01:29:16,2024-12-24 01:29:16
143,178,2024-12-24 01:29:16,2024-12-24 01:29:16
144,181,2024-12-24 01:29:16,2024-12-24 01:29:16
145,138,2024-12-24 01:29:16,2024-12-24 01:29:16
146,132,2024-12-24 01:29:16,2024-12-24 01:29:16
147,214,2024-12-24 01:29:16,2024-12-24 01:29:16
148,170,2024-12-24 01:29:16,2024-12-24 01:29:16
149,497,2024-12-24 01:29:16,2024-12-24 01:29:16
150,53,2024-12-24 01:29:16,2024-12-24 01:29:16
151,488,2024-12-24 01:29:16,2024-12-24 01:29:16
152,55,2024-12-24 01:29:16,2024-12-24 01:29:16
153,166,2024-12-24 01:29:16,2024-12-24 01:29:16
154,65,2024-12-24 01:29:16,2024-12-24 01:29:16
155,156,2024-12-24 01:29:16,2024-12-24 01:29:16
156,236,2024-12-24 01:29:16,2024-12-24 01:29:16
157,164,2024-12-24 01:29:16,2024-12-24 01:29:16
158,243,2024-12-24 01:29:16,2024-12-24 01:29:16
159,179,2024-12-24 01:29:16,2024-12-24 01:29:16
160,311,2024-12-24 01:29:16,2024-12-24 01:29:16
161,264,2024-12-24 01:29:16,2024-12-24 01:29:16
162,209,2024-12-24 01:29:16,2024-12-24 01:29:16
163,314,2024-12-24 01:29:16,2024-12-24 01:29:16
164,32,2024-12-24 01:29:16,2024-12-24 01:29:16
165,110,2024-12-24 01:29:16,2024-12-24 01:29:16
166,435,2024-12-24 01:29:16,2024-12-24 01:29:16
167,188,2024-12-24 01:29:16,2024-12-24 01:29:16
168,265,2024-12-24 01:29:16,2024-12-24 01:29:16
169,218,2024-12-24 01:29:16,2024-12-24 01:29:16
170,389,2024-12-24 01:29:16,2024-12-24 01:29:16
171,88,2024-12-24 01:29:16,2024-12-24 01:29:16
172,459,2024-12-24 01:29:16,2024-12-24 01:29:16
173,258,2024-12-24 01:29:16,2024-12-24 01:29:16
174,400,2024-12-24 01:29:16,2024-12-24 01:29:16
175,370,2024-12-24 01:29:16,2024-12-24 01:29:16
176,124,2024-12-24 01:29:16,2024-12-24 01:29:16
177,6,2024-12-24 01:29:16,2024-12-24 01:29:16
178,172,2024-12-24 01:29:16,2024-12-24 01:29:16
179,500,2024-12-24 01:29:16,2024-12-24 01:29:16
180,201,2024-12-24 01:29:16,2024-12-24 01:29:16
181,172,2024-12-24 01:29:16,2024-12-24 01:29:16
182,115,2024-12-24 01:29:16,2024-12-24 01:29:16
183,413,2024-12-24 01:29:16,2024-12-24 01:29:16
184,407,2024-12-24 01:29:16,2024-12-24 01:29:16
185,366,2024-12-24 01:29:16,2024-12-24 01:29:16
186,334,2024-12-24 01:29:16,2024-12-24 01:29:16
187,268,2024-12-24 01:29:16,2024-12-24 01:29:16
188,500,2024-12-24 01:29:16,2024-12-24 01:29:16
189,464,2024-12-24 01:29:16,2024-12-24 01:29:16
190,239,2024-12-24 01:29:16,2024-12-24 01:29:16
191,374,2024-12-24 01:29:16,2024-12-24 01:29:16
192,75,2024-12-24 01:29:16,2024-12-24 01:29:16
193,105,2024-12-24 01:29:16,2024-12-24 01:29:16
194,4,2024-12-24 01:29:16,2024-12-24 01:29:16
195,331,2024-12-24 01:29:16,2024-12-24 01:29:16
196,174,2024-12-24 01:29:16,2024-12-24 01:29:16
197,379,2024-12-24 01:29:16,2024-12-24 01:29:16
198,266,2024-12-24 01:29:16,2024-12-24 01:29:16
199,201,2024-12-24 01:29:16,2024-12-24 01:29:16
200,360,2024-12-24 01:29:16,2024-12-24 01:29:16
201,448,2024-12-24 01:29:16,2024-12-24 01:29:16
202,285,2024-12-24 01:29:16,2024-12-24 01:29:16
203,280,2024-12-24 01:29:16,2024-12-24 01:29:16
204,125,2024-12-24 01:29:16,2024-12-24 01:29:16
205,47,2024-12-24 01:29:16,2024-12-24 01:29:16
206,298,2024-12-24 01:29:16,2024-12-24 01:29:16
207,138,2024-12-24 01:29:16,2024-12-24 01:29:16
208,244,2024-12-24 01:29:16,2024-12-24 01:29:16
209,119,2024-12-24 01:29:16,2024-12-24 01:29:16
210,74,2024-12-24 01:29:16,2024-12-24 01:29:16
211,409,2024-12-24 01:29:16,2024-12-24 01:29:16
212,6,2024-12-24 01:29:16,2024-12-24 01:29:16
213,103,2024-12-24 01:29:16,2024-12-24 01:29:16
214,406,2024-12-24 01:29:16,2024-12-24 01:29:16
215,298,2024-12-24 01:29:16,2024-12-24 01:29:16
216,452,2024-12-24 01:29:16,2024-12-24 01:29:16
217,467,2024-12-24 01:29:16,2024-12-24 01:29:16
218,131,2024-12-24 01:29:16,2024-12-24 01:29:16
219,158,2024-12-24 01:29:16,2024-12-24 01:29:16
220,446,2024-12-24 01:29:16,2024-12-24 01:29:16
221,160,2024-12-24 01:29:16,2024-12-24 01:29:16
222,107,2024-12-24 01:29:16,2024-12-24 01:29:16
223,49,2024-12-24 01:29:16,2024-12-24 01:29:16
224,175,2024-12-24 01:29:16,2024-12-24 01:29:16
225,54,2024-12-24 01:29:16,2024-12-24 01:29:16
226,289,2024-12-24 01:29:16,2024-12-24 01:29:16
227,217,2024-12-24 01:29:16,2024-12-24 01:29:16
228,432,2024-12-24 01:29:16,2024-12-24 01:29:16
229,75,2024-12-24 01:29:16,2024-12-24 01:29:16
230,367,2024-12-24 01:29:16,2024-12-24 01:29:16
231,376,2024-12-24 01:29:16,2024-12-24 01:29:16
232,449,2024-12-24 01:29:16,2024-12-24 01:29:16
233,268,2024-12-24 01:29:16,2024-12-24 01:29:16
234,324,2024-12-24 01:29:16,2024-12-24 01:29:16
235,348,2024-12-24 01:29:16,2024-12-24 01:29:16
236,415,2024-12-24 01:29:16,2024-12-24 01:29:16
237,291,2024-12-24 01:29:16,2024-12-24 01:29:16
238,285,2024-12-24 01:29:16,2024-12-24 01:29:16
239,468,2024-12-24 01:29:16,2024-12-24 01:29:16
240,314,2024-12-24 01:29:16,2024-12-24 01:29:16
241,389,2024-12-24 01:29:16,2024-12-24 01:29:16
242,145,2024-12-24 01:29:16,2024-12-24 01:29:16
243,243,2024-12-24 01:29:16,2024-12-24 01:29:16
244,208,2024-12-24 01:29:16,2024-12-24 01:29:16
245,72,2024-12-24 01:29:16,2024-12-24 01:29:16
246,450,2024-12-24 01:29:16,2024-12-24 01:29:16
247,84,2024-12-24 01:29:16,2024-12-24 01:29:16
248,405,2024-12-24 01:29:16,2024-12-24 01:29:16
249,385,2024-12-24 01:29:16,2024-12-24 01:29:16
250,309,2024-12-24 01:29:16,2024-12-24 01:29:16
251,454,2024-12-24 01:29:16,2024-12-24 01:29:16
252,242,2024-12-24 01:29:16,2024-12-24 01:29:16
253,497,2024-12-24 01:29:16,2024-12-24 01:29:16
254,403,2024-12-24 01:29:16,2024-12-24 01:29:16
255,287,2024-12-24 01:29:16,2024-12-24 01:29:16
256,202,2024-12-24 01:29:16,2024-12-24 01:29:16
257,254,2024-12-24 01:29:16,2024-12-24 01:29:16
258,338,2024-12-24 01:29:16,2024-12-24 01:29:16
259,205,2024-12-24 01:29:16,2024-12-24 01:29:16
260,419,2024-12-24 01:29:16,2024-12-24 01:29:16
261,140,2024-12-24 01:29:16,2024-12-24 01:29:16
262,43,2024-12-24 01:29:16,2024-12-24 01:29:16
263,51,2024-12-24 01:29:16,2024-12-24 01:29:16
264,45,2024-12-24 01:29:16,2024-12-24 01:29:16
265,108,2024-12-24 01:29:16,2024-12-24 01:29:16
266,498,2024-12-24 01:29:16,2024-12-24 01:29:16
267,174,2024-12-24 01:29:16,2024-12-24 01:29:16
268,233,2024-12-24 01:29:16,2024-12-24 01:29:16
269,34,2024-12-24 01:29:16,2024-12-24 01:29:16
270,419,2024-12-24 01:29:16,2024-12-24 01:29:16
271,344,2024-12-24 01:29:16,2024-12-24 01:29:16
272,67,2024-12-24 01:29:16,2024-12-24 01:29:16
273,282,2024-12-24 01:29:16,2024-12-24 01:29:16
274,444,2024-12-24 01:29:16,2024-12-24 01:29:16
275,126,2024-12-24 01:29:16,2024-12-24 01:29:16
276,79,2024-12-24 01:29:16,2024-12-24 01:29:16
277,430,2024-12-24 01:29:16,2024-12-24 01:29:16
278,287,2024-12-24 01:29:16,2024-12-24 01:29:16
279,122,2024-12-24 01:29:16,2024-12-24 01:29:16
280,497,2024-12-24 01:29:16,2024-12-24 01:29:16
281,367,2024-12-24 01:29:16,2024-12-24 01:29:16
282,233,2024-12-24 01:29:16,2024-12-24 01:29:16
283,319,2024-12-24 01:29:16,2024-12-24 01:29:16
284,2,2024-12-24 01:29:16,2024-12-24 01:29:16
285,106,2024-12-24 01:29:16,2024-12-24 01:29:16
286,224,2024-12-24 01:29:16,2024-12-24 01:29:16
287,357,2024-12-24 01:29:16,2024-12-24 01:29:16
288,99,2024-12-24 01:29:16,2024-12-24 01:29:16
289,403,2024-12-24 01:29:16,2024-12-24 01:29:16
290,55,2024-12-24 01:29:16,2024-12-24 01:29:16
291,104,2024-12-24 01:29:16,2024-12-24 01:29:16
292,30,2024-12-24 01:29:16,2024-12-24 01:29:16
293,272,2024-12-24 01:29:16,2024-12-24 01:29:16
294,228,2024-12-24 01:29:16,2024-12-24 01:29:16
295,310,2024-12-24 01:29:16,2024-12-24 01:29:16
296,121,2024-12-24 01:29:16,2024-12-24 01:29:16
297,171,2024-12-24 01:29:16,2024-12-24 01:29:16
298,268,2024-12-24 01:29:16,2024-12-24 01:29:16
299,327,2024-12-24 01:29:16,2024-12-24 01:29:16
300,265,2024-12-24 01:29:16,2024-12-24 01:29:16
301,134,2024-12-24 01:29:16,2024-12-24 01:29:16
302,168,2024-12-24 01:29:16,2024-12-24 01:29:16
303,2,2024-12-24 01:29:16,2024-12-24 01:29:16
304,374,2024-12-24 01:29:16,2024-12-24 01:29:16
305,303,2024-12-24 01:29:16,2024-12-24 01:29:16
306,170,2024-12-24 01:29:16,2024-12-24 01:29:16
307,119,2024-12-24 01:29:16,2024-12-24 01:29:16
308,43,2024-12-24 01:29:16,2024-12-24 01:29:16
309,414,2024-12-24 01:29:16,2024-12-24 01:29:16
310,126,2024-12-24 01:29:16,2024-12-24 01:29:16
311,461,2024-12-24 01:29:16,2024-12-24 01:29:16
312,144,2024-12-24 01:29:16,2024-12-24 01:29:16
313,197,2024-12-24 01:29:16,2024-12-24 01:29:16
314,369,2024-12-24 01:29:16,2024-12-24 01:29:16
315,76,2024-12-24 01:29:16,2024-12-24 01:29:16
316,395,2024-12-24 01:29:16,2024-12-24 01:29:16
317,140,2024-12-24 01:29:16,2024-12-24 01:29:16
318,281,2024-12-24 01:29:16,2024-12-24 01:29:16
319,392,2024-12-24 01:29:16,2024-12-24 01:29:16
320,186,2024-12-24 01:29:16,2024-12-24 01:29:16
321,227,2024-12-24 01:29:16,2024-12-24 01:29:16
322,431,2024-12-24 01:29:16,2024-12-24 01:29:16
323,11,2024-12-24 01:29:16,2024-12-24 01:29:16
324,70,2024-12-24 01:29:16,2024-12-24 01:29:16
325,60,2024-12-24 01:29:16,2024-12-24 01:29:16
326,174,2024-12-24 01:29:16,2024-12-24 01:29:16
327,358,2024-12-24 01:29:16,2024-12-24 01:29:16
328,266,2024-12-24 01:29:16,2024-12-24 01:29:16
329,421,2024-12-24 01:29:16,2024-12-24 01:29:16
330,272,2024-12-24 01:29:16,2024-12-24 01:29:16
331,396,2024-12-24 01:29:16,2024-12-24 01:29:16
332,192,2024-12-24 01:29:16,2024-12-24 01:29:16
333,317,2024-12-24 01:29:16,2024-12-24 01:29:16
334,466,2024-12-24 01:29:16,2024-12-24 01:29:16
335,111,2024-12-24 01:29:16,2024-12-24 01:29:16
336,100,2024-12-24 01:29:16,2024-12-24 01:29:16
337,119,2024-12-24 01:29:16,2024-12-24 01:29:16
338,6,2024-12-24 01:29:16,2024-12-24 01:29:16
339,302,2024-12-24 01:29:16,2024-12-24 01:29:16
340,39,2024-12-24 01:29:16,2024-12-24 01:29:16
341,235,2024-12-24 01:29:16,2024-12-24 01:29:16
342,32,2024-12-24 01:29:16,2024-12-24 01:29:16
343,348,2024-12-24 01:29:16,2024-12-24 01:29:16
344,219,2024-12-24 01:29:16,2024-12-24 01:29:16
345,1,2024-12-24 01:29:16,2024-12-24 01:29:16
346,156,2024-12-24 01:29:16,2024-12-24 01:29:16
347,287,2024-12-24 01:29:16,2024-12-24 01:29:16
348,441,2024-12-24 01:29:16,2024-12-24 01:29:16
349,204,2024-12-24 01:29:16,2024-12-24 01:29:16
350,207,2024-12-24 01:29:16,2024-12-24 01:29:16
351,71,2024-12-24 01:29:16,2024-12-24 01:29:16
352,214,2024-12-24 01:29:16,2024-12-24 01:29:16
353,114,2024-12-24 01:29:16,2024-12-24 01:29:16
354,414,2024-12-24 01:29:16,2024-12-24 01:29:16
355,317,2024-12-24 01:29:16,2024-12-24 01:29:16
356,253,2024-12-24 01:29:16,2024-12-24 01:29:16
357,86,2024-12-24 01:29:16,2024-12-24 01:29:16
358,16,2024-12-24 01:29:16,2024-12-24 01:29:16
359,109,2024-12-24 01:29:16,2024-12-24 01:29:16
360,82,2024-12-24 01:29:16,2024-12-24 01:29:16
361,403,2024-12-24 01:29:16,2024-12-24 01:29:16
362,40,2024-12-24 01:29:16,2024-12-24 01:29:16
363,85,2024-12-24 01:29:16,2024-12-24 01:29:16
364,358,2024-12-24 01:29:16,2024-12-24 01:29:16
365,58,2024-12-24 01:29:16,2024-12-24 01:29:16
366,178,2024-12-24 01:29:16,2024-12-24 01:29:16
367,298,2024-12-24 01:29:16,2024-12-24 01:29:16
368,210,2024-12-24 01:29:16,2024-12-24 01:29:16
369,180,2024-12-24 01:29:16,2024-12-24 01:29:16
370,107,2024-12-24 01:29:16,2024-12-24 01:29:16
371,361,2024-12-24 01:29:16,2024-12-24 01:29:16
372,421,2024-12-24 01:29:16,2024-12-24 01:29:16
373,431,2024-12-24 01:29:16,2024-12-24 01:29:16
374,263,2024-12-24 01:29:16,2024-12-24 01:29:16
375,328,2024-12-24 01:29:16,2024-12-24 01:29:16
376,190,2024-12-24 01:29:16,2024-12-24 01:29:16
377,168,2024-12-24 01:29:16,2024-12-24 01:29:16
378,441,2024-12-24 01:29:16,2024-12-24 01:29:16
379,385,2024-12-24 01:29:16,2024-12-24 01:29:16
380,42,2024-12-24 01:29:16,2024-12-24 01:29:16
381,24,2024-12-24 01:29:16,2024-12-24 01:29:16
382,129,2024-12-24 01:29:16,2024-12-24 01:29:16
383,8,2024-12-24 01:29:16,2024-12-24 01:29:16
384,261,2024-12-24 01:29:16,2024-12-24 01:29:16
385,94,2024-12-24 01:29:16,2024-12-24 01:29:16
386,62,2024-12-24 01:29:16,2024-12-24 01:29:16
387,156,2024-12-24 01:29:16,2024-12-24 01:29:16
388,281,2024-12-24 01:29:16,2024-12-24 01:29:16
389,197,2024-12-24 01:29:16,2024-12-24 01:29:16
390,483,2024-12-24 01:29:16,2024-12-24 01:29:16
391,337,2024-12-24 01:29:16,2024-12-24 01:29:16
392,6,2024-12-24 01:29:16,2024-12-24 01:29:16
393,58,2024-12-24 01:29:16,2024-12-24 01:29:16
394,49,2024-12-24 01:29:16,2024-12-24 01:29:16
395,403,2024-12-24 01:29:16,2024-12-24 01:29:16
396,1,2024-12-24 01:29:16,2024-12-24 01:29:16
397,41,2024-12-24 01:29:16,2024-12-24 01:29:16
398,331,2024-12-24 01:29:16,2024-12-24 01:29:16
399,18,2024-12-24 01:29:16,2024-12-24 01:29:16
400,140,2024-12-24 01:29:16,2024-12-24 01:29:16
401,391,2024-12-24 01:29:16,2024-12-24 01:29:16
402,287,2024-12-24 01:29:16,2024-12-24 01:29:16
403,154,2024-12-24 01:29:16,2024-12-24 01:29:16
404,261,2024-12-24 01:29:16,2024-12-24 01:29:16
405,262,2024-12-24 01:29:16,2024-12-24 01:29:16
406,228,2024-12-24 01:29:16,2024-12-24 01:29:16
407,65,2024-12-24 01:29:16,2024-12-24 01:29:16
408,419,2024-12-24 01:29:16,2024-12-24 01:29:16
409,321,2024-12-24 01:29:16,2024-12-24 01:29:16
410,231,2024-12-24 01:29:16,2024-12-24 01:29:16
411,481,2024-12-24 01:29:16,2024-12-24 01:29:16
412,3,2024-12-24 01:29:16,2024-12-24 01:29:16
413,143,2024-12-24 01:29:16,2024-12-24 01:29:16
414,367,2024-12-24 01:29:16,2024-12-24 01:29:16
415,490,2024-12-24 01:29:16,2024-12-24 01:29:16
416,256,2024-12-24 01:29:16,2024-12-24 01:29:16
417,117,2024-12-24 01:29:16,2024-12-24 01:29:16
418,192,2024-12-24 01:29:16,2024-12-24 01:29:16
419,298,2024-12-24 01:29:16,2024-12-24 01:29:16
420,169,2024-12-24 01:29:16,2024-12-24 01:29:16
421,500,2024-12-24 01:29:16,2024-12-24 01:29:16
422,333,2024-12-24 01:29:16,2024-12-24 01:29:16
423,361,2024-12-24 01:29:16,2024-12-24 01:29:16
424,317,2024-12-24 01:29:16,2024-12-24 01:29:16
425,11,2024-12-24 01:29:16,2024-12-24 01:29:16
426,219,2024-12-24 01:29:16,2024-12-24 01:29:16
427,351,2024-12-24 01:29:16,2024-12-24 01:29:16
428,29,2024-12-24 01:29:16,2024-12-24 01:29:16
429,102,2024-12-24 01:29:16,2024-12-24 01:29:16
430,336,2024-12-24 01:29:16,2024-12-24 01:29:16
431,346,2024-12-24 01:29:16,2024-12-24 01:29:16
432,176,2024-12-24 01:29:16,2024-12-24 01:29:16
433,369,2024-12-24 01:29:16,2024-12-24 01:29:16
434,495,2024-12-24 01:29:16,2024-12-24 01:29:16
435,486,2024-12-24 01:29:16,2024-12-24 01:29:16
436,426,2024-12-24 01:29:16,2024-12-24 01:29:16
437,474,2024-12-24 01:29:16,2024-12-24 01:29:16
438,500,2024-12-24 01:29:16,2024-12-24 01:29:16
439,149,2024-12-24 01:29:16,2024-12-24 01:29:16
440,233,2024-12-24 01:29:16,2024-12-24 01:29:16
441,111,2024-12-24 01:29:16,2024-12-24 01:29:16
442,469,2024-12-24 01:29:16,2024-12-24 01:29:16
443,65,2024-12-24 01:29:16,2024-12-24 01:29:16
444,262,2024-12-24 01:29:16,2024-12-24 01:29:16
445,367,2024-12-24 01:29:16,2024-12-24 01:29:16
446,8,2024-12-24 01:29:16,2024-12-24 01:29:16
447,5,2024-12-24 01:29:16,2024-12-24 01:29:16
448,496,2024-12-24 01:29:16,2024-12-24 01:29:16
449,165,2024-12-24 01:29:16,2024-12-24 01:29:16
450,334,2024-12-24 01:29:16,2024-12-24 01:29:16
451,371,2024-12-24 01:29:16,2024-12-24 01:29:16
452,350,2024-12-24 01:29:16,2024-12-24 01:29:16
453,29,2024-12-24 01:29:16,2024-12-24 01:29:16
454,412,2024-12-24 01:29:16,2024-12-24 01:29:16
455,240,2024-12-24 01:29:16,2024-12-24 01:29:16
456,157,2024-12-24 01:29:16,2024-12-24 01:29:16
457,172,2024-12-24 01:29:16,2024-12-24 01:29:16
458,184,2024-12-24 01:29:16,2024-12-24 01:29:16
459,184,2024-12-24 01:29:16,2024-12-24 01:29:16
460,368,2024-12-24 01:29:16,2024-12-24 01:29:16
461,253,2024-12-24 01:29:16,2024-12-24 01:29:16
462,259,2024-12-24 01:29:16,2024-12-24 01:29:16
463,339,2024-12-24 01:29:16,2024-12-24 01:29:16
464,405,2024-12-24 01:29:16,2024-12-24 01:29:16
465,373,2024-12-24 01:29:16,2024-12-24 01:29:16
466,388,2024-12-24 01:29:16,2024-12-24 01:29:16
467,473,2024-12-24 01:29:16,2024-12-24 01:29:16
468,283,2024-12-24 01:29:16,2024-12-24 01:29:16
469,42,2024-12-24 01:29:16,2024-12-24 01:29:16
470,24,2024-12-24 01:29:16,2024-12-24 01:29:16
471,286,2024-12-24 01:29:16,2024-12-24 01:29:16
472,261,2024-12-24 01:29:16,2024-12-24 01:29:16
473,54,2024-12-24 01:29:16,2024-12-24 01:29:16
474,331,2024-12-24 01:29:16,2024-12-24 01:29:16
475,302,2024-12-24 01:29:16,2024-12-24 01:29:16
476,300,2024-12-24 01:29:16,2024-12-24 01:29:16
477,51,2024-12-24 01:29:16,2024-12-24 01:29:16
478,351,2024-12-24 01:29:16,2024-12-24 01:29:16
479,280,2024-12-24 01:29:16,2024-12-24 01:29:16
480,358,2024-12-24 01:29:16,2024-12-24 01:29:16
481,375,2024-12-24 01:29:16,2024-12-24 01:29:16
482,183,2024-12-24 01:29:16,2024-12-24 01:29:16
483,175,2024-12-24 01:29:16,2024-12-24 01:29:16
484,42,2024-12-24 01:29:16,2024-12-24 01:29:16
485,25,2024-12-24 01:29:16,2024-12-24 01:29:16
486,266,2024-12-24 01:29:16,2024-12-24 01:29:16
487,263,2024-12-24 01:29:16,2024-12-24 01:29:16
488,497,2024-12-24 01:29:16,2024-12-24 01:29:16
489,353,2024-12-24 01:29:16,2024-12-24 01:29:16
490,43,2024-12-24 01:29:16,2024-12-24 01:29:16
491,355,2024-12-24 01:29:16,2024-12-24 01:29:16
492,114,2024-12-24 01:29:16,2024-12-24 01:29:16
493,81,2024-12-24 01:29:16,2024-12-24 01:29:16
494,49,2024-12-24 01:29:16,2024-12-24 01:29:16
495,5,2024-12-24 01:29:16,2024-12-24 01:29:16
496,5,2024-12-24 01:29:16,2024-12-24 01:29:16
497,407,2024-12-24 01:29:16,2024-12-24 01:29:16
498,475,2024-12-24 01:29:16,2024-12-24 01:29:16
499,262,2024-12-24 01:29:16,2024-12-24 01:29:16
500,354,2024-12-24 01:29:16,2024-12-24 01:29:16
501,362,2024-12-24 01:29:16,2024-12-24 01:29:16
502,329,2024-12-24 01:29:16,2024-12-24 01:29:16
503,427,2024-12-24 01:29:16,2024-12-24 01:29:16
504,331,2024-12-24 01:29:16,2024-12-24 01:29:16
505,98,2024-12-24 01:29:16,2024-12-24 01:29:16
506,276,2024-12-24 01:29:16,2024-12-24 01:29:16
507,398,2024-12-24 01:29:16,2024-12-24 01:29:16
508,98,2024-12-24 01:29:16,2024-12-24 01:29:16
509,381,2024-12-24 01:29:16,2024-12-24 01:29:16
510,495,2024-12-24 01:29:16,2024-12-24 01:29:16
511,49,2024-12-24 01:29:16,2024-12-24 01:29:16
512,335,2024-12-24 01:29:16,2024-12-24 01:29:16
513,231,2024-12-24 01:29:16,2024-12-24 01:29:16
514,89,2024-12-24 01:29:16,2024-12-24 01:29:16
515,282,2024-12-24 01:29:16,2024-12-24 01:29:16
516,463,2024-12-24 01:29:16,2024-12-24 01:29:16
517,127,2024-12-24 01:29:16,2024-12-24 01:29:16
518,350,2024-12-24 01:29:16,2024-12-24 01:29:16
519,192,2024-12-24 01:29:16,2024-12-24 01:29:16
520,125,2024-12-24 01:29:16,2024-12-24 01:29:16
521,448,2024-12-24 01:29:16,2024-12-24 01:29:16
522,345,2024-12-24 01:29:16,2024-12-24 01:29:16
523,48,2024-12-24 01:29:16,2024-12-24 01:29:16
524,88,2024-12-24 01:29:16,2024-12-24 01:29:16
525,305,2024-12-24 01:29:16,2024-12-24 01:29:16
526,177,2024-12-24 01:29:16,2024-12-24 01:29:16
527,65,2024-12-24 01:29:16,2024-12-24 01:29:16
528,472,2024-12-24 01:29:16,2024-12-24 01:29:16
529,458,2024-12-24 01:29:16,2024-12-24 01:29:16
530,402,2024-12-24 01:29:16,2024-12-24 01:29:16
531,373,2024-12-24 01:29:16,2024-12-24 01:29:16
532,172,2024-12-24 01:29:16,2024-12-24 01:29:16
533,12,2024-12-24 01:29:16,2024-12-24 01:29:16
534,303,2024-12-24 01:29:16,2024-12-24 01:29:16
535,78,2024-12-24 01:29:16,2024-12-24 01:29:16
536,40,2024-12-24 01:29:16,2024-12-24 01:29:16
537,217,2024-12-24 01:29:16,2024-12-24 01:29:16
538,195,2024-12-24 01:29:16,2024-12-24 01:29:16
539,292,2024-12-24 01:29:16,2024-12-24 01:29:16
540,463,2024-12-24 01:29:16,2024-12-24 01:29:16
541,468,2024-12-24 01:29:16,2024-12-24 01:29:16
542,301,2024-12-24 01:29:16,2024-12-24 01:29:16
543,176,2024-12-24 01:29:16,2024-12-24 01:29:16
544,75,2024-12-24 01:29:16,2024-12-24 01:29:16
545,165,2024-12-24 01:29:16,2024-12-24 01:29:16
546,353,2024-12-24 01:29:16,2024-12-24 01:29:16
547,259,2024-12-24 01:29:16,2024-12-24 01:29:16
548,447,2024-12-24 01:29:16,2024-12-24 01:29:16
549,177,2024-12-24 01:29:16,2024-12-24 01:29:16
550,437,2024-12-24 01:29:16,2024-12-24 01:29:16
551,57,2024-12-24 01:29:16,2024-12-24 01:29:16
552,44,2024-12-24 01:29:16,2024-12-24 01:29:16
553,386,2024-12-24 01:29:16,2024-12-24 01:29:16
554,191,2024-12-24 01:29:16,2024-12-24 01:29:16
555,15,2024-12-24 01:29:16,2024-12-24 01:29:16
556,213,2024-12-24 01:29:16,2024-12-24 01:29:16
557,365,2024-12-24 01:29:16,2024-12-24 01:29:16
558,117,2024-12-24 01:29:16,2024-12-24 01:29:16
559,175,2024-12-24 01:29:16,2024-12-24 01:29:16
560,241,2024-12-24 01:29:16,2024-12-24 01:29:16
561,109,2024-12-24 01:29:16,2024-12-24 01:29:16
562,427,2024-12-24 01:29:16,2024-12-24 01:29:16
563,168,2024-12-24 01:29:16,2024-12-24 01:29:16
564,170,2024-12-24 01:29:16,2024-12-24 01:29:16
565,459,2024-12-24 01:29:16,2024-12-24 01:29:16
566,202,2024-12-24 01:29:16,2024-12-24 01:29:16
567,127,2024-12-24 01:29:16,2024-12-24 01:29:16
568,40,2024-12-24 01:29:16,2024-12-24 01:29:16
569,197,2024-12-24 01:29:16,2024-12-24 01:29:16
570,497,2024-12-24 01:29:16,2024-12-24 01:29:16
571,85,2024-12-24 01:29:16,2024-12-24 01:29:16
572,319,2024-12-24 01:29:16,2024-12-24 01:29:16
573,65,2024-12-24 01:29:16,2024-12-24 01:29:16
574,431,2024-12-24 01:29:16,2024-12-24 01:29:16
575,192,2024-12-24 01:29:16,2024-12-24 01:29:16
576,113,2024-12-24 01:29:16,2024-12-24 01:29:16
577,457,2024-12-24 01:29:16,2024-12-24 01:29:16
578,48,2024-12-24 01:29:16,2024-12-24 01:29:16
579,420,2024-12-24 01:29:16,2024-12-24 01:29:16
580,71,2024-12-24 01:29:16,2024-12-24 01:29:16
581,182,2024-12-24 01:29:16,2024-12-24 01:29:16
582,203,2024-12-24 01:29:16,2024-12-24 01:29:16
583,221,2024-12-24 01:29:16,2024-12-24 01:29:16
584,230,2024-12-24 01:29:16,2024-12-24 01:29:16
585,197,2024-12-24 01:29:16,2024-12-24 01:29:16
586,337,2024-12-24 01:29:16,2024-12-24 01:29:16
587,472,2024-12-24 01:29:16,2024-12-24 01:29:16
588,467,2024-12-24 01:29:16,2024-12-24 01:29:16
589,412,2024-12-24 01:29:16,2024-12-24 01:29:16
590,9,2024-12-24 01:29:16,2024-12-24 01:29:16
591,286,2024-12-24 01:29:16,2024-12-24 01:29:16
592,236,2024-12-24 01:29:16,2024-12-24 01:29:16
593,121,2024-12-24 01:29:16,2024-12-24 01:29:16
594,108,2024-12-24 01:29:16,2024-12-24 01:29:16
595,136,2024-12-24 01:29:16,2024-12-24 01:29:16
596,63,2024-12-24 01:29:16,2024-12-24 01:29:16
597,24,2024-12-24 01:29:16,2024-12-24 01:29:16
598,325,2024-12-24 01:29:16,2024-12-24 01:29:16
599,168,2024-12-24 01:29:16,2024-12-24 01:29:16
600,290,2024-12-24 01:29:16,2024-12-24 01:29:16
601,494,2024-12-24 01:29:16,2024-12-24 01:29:16
602,359,2024-12-24 01:29:16,2024-12-24 01:29:16
603,139,2024-12-24 01:29:16,2024-12-24 01:29:16
604,351,2024-12-24 01:29:16,2024-12-24 01:29:16
605,342,2024-12-24 01:29:16,2024-12-24 01:29:16
606,342,2024-12-24 01:29:16,2024-12-24 01:29:16
607,7,2024-12-24 01:29:16,2024-12-24 01:29:16
608,219,2024-12-24 01:29:16,2024-12-24 01:29:16
609,123,2024-12-24 01:29:16,2024-12-24 01:29:16
610,187,2024-12-24 01:29:16,2024-12-24 01:29:16
611,0,2024-12-24 01:29:16,2024-12-24 01:29:16
612,231,2024-12-24 01:29:16,2024-12-24 01:29:16
613,417,2024-12-24 01:29:16,2024-12-24 01:29:16
614,423,2024-12-24 01:29:16,2024-12-24 01:29:16
615,394,2024-12-24 01:29:16,2024-12-24 01:29:16
616,194,2024-12-24 01:29:16,2024-12-24 01:29:16
617,428,2024-12-24 01:29:16,2024-12-24 01:29:16
618,462,2024-12-24 01:29:16,2024-12-24 01:29:16
619,18,2024-12-24 01:29:16,2024-12-24 01:29:16
620,324,2024-12-24 01:29:16,2024-12-24 01:29:16
621,221,2024-12-24 01:29:16,2024-12-24 01:29:16
622,6,2024-12-24 01:29:16,2024-12-24 01:29:16
623,167,2024-12-24 01:29:16,2024-12-24 01:29:16
624,315,2024-12-24 01:29:16,2024-12-24 01:29:16
625,484,2024-12-24 01:29:16,2024-12-24 01:29:16
626,115,2024-12-24 01:29:16,2024-12-24 01:29:16
627,130,2024-12-24 01:29:16,2024-12-24 01:29:16
628,200,2024-12-24 01:29:16,2024-12-24 01:29:16
629,454,2024-12-24 01:29:16,2024-12-24 01:29:16
630,442,2024-12-24 01:29:16,2024-12-24 01:29:16
631,352,2024-12-24 01:29:16,2024-12-24 01:29:16
632,184,2024-12-24 01:29:16,2024-12-24 01:29:16
633,395,2024-12-24 01:29:16,2024-12-24 01:29:16
634,179,2024-12-24 01:29:16,2024-12-24 01:29:16
635,202,2024-12-24 01:29:16,2024-12-24 01:29:16
636,331,2024-12-24 01:29:16,2024-12-24 01:29:16
637,475,2024-12-24 01:29:16,2024-12-24 01:29:16
638,180,2024-12-24 01:29:16,2024-12-24 01:29:16
639,477,2024-12-24 01:29:16,2024-12-24 01:29:16
640,489,2024-12-24 01:29:16,2024-12-24 01:29:16
641,237,2024-12-24 01:29:16,2024-12-24 01:29:16
642,79,2024-12-24 01:29:16,2024-12-24 01:29:16
643,238,2024-12-24 01:29:16,2024-12-24 01:29:16
644,433,2024-12-24 01:29:16,2024-12-24 01:29:16
645,370,2024-12-24 01:29:16,2024-12-24 01:29:16
646,394,2024-12-24 01:29:16,2024-12-24 01:29:16
647,344,2024-12-24 01:29:16,2024-12-24 01:29:16
648,99,2024-12-24 01:29:16,2024-12-24 01:29:16
649,150,2024-12-24 01:29:16,2024-12-24 01:29:16
650,286,2024-12-24 01:29:16,2024-12-24 01:29:16
651,154,2024-12-24 01:29:16,2024-12-24 01:29:16
652,487,2024-12-24 01:29:16,2024-12-24 01:29:16
653,376,2024-12-24 01:29:16,2024-12-24 01:29:16
654,164,2024-12-24 01:29:16,2024-12-24 01:29:16
655,393,2024-12-24 01:29:16,2024-12-24 01:29:16
656,233,2024-12-24 01:29:16,2024-12-24 01:29:16
657,356,2024-12-24 01:29:16,2024-12-24 01:29:16
658,500,2024-12-24 01:29:16,2024-12-24 01:29:16
659,455,2024-12-24 01:29:16,2024-12-24 01:29:16
660,382,2024-12-24 01:29:16,2024-12-24 01:29:16
661,214,2024-12-24 01:29:16,2024-12-24 01:29:16
662,221,2024-12-24 01:29:16,2024-12-24 01:29:16
663,0,2024-12-24 01:29:16,2024-12-24 01:29:16
664,51,2024-12-24 01:29:16,2024-12-24 01:29:16
665,345,2024-12-24 01:29:16,2024-12-24 01:29:16
666,107,2024-12-24 01:29:16,2024-12-24 01:29:16
667,459,2024-12-24 01:29:16,2024-12-24 01:29:16
668,78,2024-12-24 01:29:16,2024-12-24 01:29:16
669,63,2024-12-24 01:29:16,2024-12-24 01:29:16
670,220,2024-12-24 01:29:16,2024-12-24 01:29:16
671,302,2024-12-24 01:29:16,2024-12-24 01:29:16
672,175,2024-12-24 01:29:16,2024-12-24 01:29:16
673,422,2024-12-24 01:29:16,2024-12-24 01:29:16
674,469,2024-12-24 01:29:16,2024-12-24 01:29:16
675,255,2024-12-24 01:29:16,2024-12-24 01:29:16
676,289,2024-12-24 01:29:16,2024-12-24 01:29:16
677,9,2024-12-24 01:29:16,2024-12-24 01:29:16
678,157,2024-12-24 01:29:16,2024-12-24 01:29:16
679,112,2024-12-24 01:29:16,2024-12-24 01:29:16
680,215,2024-12-24 01:29:16,2024-12-24 01:29:16
681,240,2024-12-24 01:29:16,2024-12-24 01:29:16
682,165,2024-12-24 01:29:16,2024-12-24 01:29:16
683,416,2024-12-24 01:29:16,2024-12-24 01:29:16
684,94,2024-12-24 01:29:16,2024-12-24 01:29:16
685,425,2024-12-24 01:29:16,2024-12-24 01:29:16
686,492,2024-12-24 01:29:16,2024-12-24 01:29:16
687,433,2024-12-24 01:29:16,2024-12-24 01:29:16
688,443,2024-12-24 01:29:16,2024-12-24 01:29:16
689,470,2024-12-24 01:29:16,2024-12-24 01:29:16
690,328,2024-12-24 01:29:16,2024-12-24 01:29:16
691,258,2024-12-24 01:29:16,2024-12-24 01:29:16
692,365,2024-12-24 01:29:16,2024-12-24 01:29:16
693,101,2024-12-24 01:29:16,2024-12-24 01:29:16
694,384,2024-12-24 01:29:16,2024-12-24 01:29:16
695,480,2024-12-24 01:29:16,2024-12-24 01:29:16
696,42,2024-12-24 01:29:16,2024-12-24 01:29:16
697,394,2024-12-24 01:29:16,2024-12-24 01:29:16
698,149,2024-12-24 01:29:16,2024-12-24 01:29:16
699,376,2024-12-24 01:29:16,2024-12-24 01:29:16
700,161,2024-12-24 01:29:16,2024-12-24 01:29:16
701,54,2024-12-24 01:29:16,2024-12-24 01:29:16
702,176,2024-12-24 01:29:16,2024-12-24 01:29:16
703,128,2024-12-24 01:29:16,2024-12-24 01:29:16
704,307,2024-12-24 01:29:16,2024-12-24 01:29:16
705,239,2024-12-24 01:29:16,2024-12-24 01:29:16
706,321,2024-12-24 01:29:16,2024-12-24 01:29:16
707,172,2024-12-24 01:29:16,2024-12-24 01:29:16
708,314,2024-12-24 01:29:16,2024-12-24 01:29:16
709,274,2024-12-24 01:29:16,2024-12-24 01:29:16
710,117,2024-12-24 01:29:16,2024-12-24 01:29:16
711,189,2024-12-24 01:29:16,2024-12-24 01:29:16
712,458,2024-12-24 01:29:16,2024-12-24 01:29:16
713,415,2024-12-24 01:29:16,2024-12-24 01:29:16
714,325,2024-12-24 01:29:16,2024-12-24 01:29:16
715,12,2024-12-24 01:29:16,2024-12-24 01:29:16
716,298,2024-12-24 01:29:16,2024-12-24 01:29:16
717,179,2024-12-24 01:29:16,2024-12-24 01:29:16
718,394,2024-12-24 01:29:16,2024-12-24 01:29:16
719,485,2024-12-24 01:29:16,2024-12-24 01:29:16
720,258,2024-12-24 01:29:16,2024-12-24 01:29:16
721,216,2024-12-24 01:29:16,2024-12-24 01:29:16
722,436,2024-12-24 01:29:16,2024-12-24 01:29:16
723,7,2024-12-24 01:29:16,2024-12-24 01:29:16
724,329,2024-12-24 01:29:16,2024-12-24 01:29:16
725,200,2024-12-24 01:29:16,2024-12-24 01:29:16
726,192,2024-12-24 01:29:16,2024-12-24 01:29:16
727,447,2024-12-24 01:29:16,2024-12-24 01:29:16
728,402,2024-12-24 01:29:16,2024-12-24 01:29:16
729,434,2024-12-24 01:29:16,2024-12-24 01:29:16
730,357,2024-12-24 01:29:16,2024-12-24 01:29:16
731,14,2024-12-24 01:29:16,2024-12-24 01:29:16
732,347,2024-12-24 01:29:16,2024-12-24 01:29:16
733,126,2024-12-24 01:29:16,2024-12-24 01:29:16
734,466,2024-12-24 01:29:16,2024-12-24 01:29:16
735,249,2024-12-24 01:29:16,2024-12-24 01:29:16
736,245,2024-12-24 01:29:16,2024-12-24 01:29:16
737,373,2024-12-24 01:29:16,2024-12-24 01:29:16
738,281,2024-12-24 01:29:16,2024-12-24 01:29:16
739,317,2024-12-24 01:29:16,2024-12-24 01:29:16
740,443,2024-12-24 01:29:16,2024-12-24 01:29:16
741,132,2024-12-24 01:29:16,2024-12-24 01:29:16
742,406,2024-12-24 01:29:16,2024-12-24 01:29:16
743,211,2024-12-24 01:29:16,2024-12-24 01:29:16
744,160,2024-12-24 01:29:16,2024-12-24 01:29:16
745,219,2024-12-24 01:29:16,2024-12-24 01:29:16
746,281,2024-12-24 01:29:16,2024-12-24 01:29:16
747,129,2024-12-24 01:29:16,2024-12-24 01:29:16
748,245,2024-12-24 01:29:16,2024-12-24 01:29:16
749,275,2024-12-24 01:29:16,2024-12-24 01:29:16
750,109,2024-12-24 01:29:16,2024-12-24 01:29:16
751,105,2024-12-24 01:29:16,2024-12-24 01:29:16
752,93,2024-12-24 01:29:16,2024-12-24 01:29:16
753,74,2024-12-24 01:29:16,2024-12-24 01:29:16
754,345,2024-12-24 01:29:16,2024-12-24 01:29:16
755,61,2024-12-24 01:29:16,2024-12-24 01:29:16
756,407,2024-12-24 01:29:16,2024-12-24 01:29:16
757,34,2024-12-24 01:29:16,2024-12-24 01:29:16
758,360,2024-12-24 01:29:16,2024-12-24 01:29:16
759,39,2024-12-24 01:29:16,2024-12-24 01:29:16
760,21,2024-12-24 01:29:16,2024-12-24 01:29:16
761,31,2024-12-24 01:29:16,2024-12-24 01:29:16
762,196,2024-12-24 01:29:16,2024-12-24 01:29:16
763,499,2024-12-24 01:29:16,2024-12-24 01:29:16
764,275,2024-12-24 01:29:16,2024-12-24 01:29:16
765,190,2024-12-24 01:29:16,2024-12-24 01:29:16
766,373,2024-12-24 01:29:16,2024-12-24 01:29:16
767,239,2024-12-24 01:29:16,2024-12-24 01:29:16
768,213,2024-12-24 01:29:16,2024-12-24 01:29:16
769,103,2024-12-24 01:29:16,2024-12-24 01:29:16
770,173,2024-12-24 01:29:16,2024-12-24 01:29:16
771,84,2024-12-24 01:29:16,2024-12-24 01:29:16
772,36,2024-12-24 01:29:16,2024-12-24 01:29:16
773,90,2024-12-24 01:29:16,2024-12-24 01:29:16
774,382,2024-12-24 01:29:16,2024-12-24 01:29:16
775,272,2024-12-24 01:29:16,2024-12-24 01:29:16
776,498,2024-12-24 01:29:16,2024-12-24 01:29:16
777,407,2024-12-24 01:29:16,2024-12-24 01:29:16
778,45,2024-12-24 01:29:16,2024-12-24 01:29:16
779,212,2024-12-24 01:29:16,2024-12-24 01:29:16
780,251,2024-12-24 01:29:16,2024-12-24 01:29:16
781,197,2024-12-24 01:29:16,2024-12-24 01:29:16
782,286,2024-12-24 01:29:16,2024-12-24 01:29:16
783,127,2024-12-24 01:29:16,2024-12-24 01:29:16
784,203,2024-12-24 01:29:16,2024-12-24 01:29:16
785,498,2024-12-24 01:29:16,2024-12-24 01:29:16
786,195,2024-12-24 01:29:16,2024-12-24 01:29:16
787,312,2024-12-24 01:29:16,2024-12-24 01:29:16
788,28,2024-12-24 01:29:16,2024-12-24 01:29:16
789,84,2024-12-24 01:29:16,2024-12-24 01:29:16
790,358,2024-12-24 01:29:16,2024-12-24 01:29:16
791,137,2024-12-24 01:29:16,2024-12-24 01:29:16
792,301,2024-12-24 01:29:16,2024-12-24 01:29:16
793,428,2024-12-24 01:29:16,2024-12-24 01:29:16
794,450,2024-12-24 01:29:16,2024-12-24 01:29:16
795,476,2024-12-24 01:29:16,2024-12-24 01:29:16
796,117,2024-12-24 01:29:16,2024-12-24 01:29:16
797,177,2024-12-24 01:29:16,2024-12-24 01:29:16
798,357,2024-12-24 01:29:16,2024-12-24 01:29:16
799,460,2024-12-24 01:29:16,2024-12-24 01:29:16
800,394,2024-12-24 01:29:16,2024-12-24 01:29:16
801,262,2024-12-24 01:29:16,2024-12-24 01:29:16
802,34,2024-12-24 01:29:16,2024-12-24 01:29:16
803,130,2024-12-24 01:29:16,2024-12-24 01:29:16
804,204,2024-12-24 01:29:16,2024-12-24 01:29:16
805,173,2024-12-24 01:29:16,2024-12-24 01:29:16
806,214,2024-12-24 01:29:16,2024-12-24 01:29:16
807,51,2024-12-24 01:29:16,2024-12-24 01:29:16
808,51,2024-12-24 01:29:16,2024-12-24 01:29:16
809,411,2024-12-24 01:29:16,2024-12-24 01:29:16
810,248,2024-12-24 01:29:16,2024-12-24 01:29:16
811,71,2024-12-24 01:29:16,2024-12-24 01:29:16
812,354,2024-12-24 01:29:16,2024-12-24 01:29:16
813,455,2024-12-24 01:29:16,2024-12-24 01:29:16
814,421,2024-12-24 01:29:16,2024-12-24 01:29:16
815,31,2024-12-24 01:29:16,2024-12-24 01:29:16
816,340,2024-12-24 01:29:16,2024-12-24 01:29:16
817,282,2024-12-24 01:29:16,2024-12-24 01:29:16
818,213,2024-12-24 01:29:16,2024-12-24 01:29:16
819,95,2024-12-24 01:29:16,2024-12-24 01:29:16
820,447,2024-12-24 01:29:16,2024-12-24 01:29:16
821,455,2024-12-24 01:29:16,2024-12-24 01:29:16
822,466,2024-12-24 01:29:16,2024-12-24 01:29:16
823,201,2024-12-24 01:29:16,2024-12-24 01:29:16
824,247,2024-12-24 01:29:16,2024-12-24 01:29:16
825,302,2024-12-24 01:29:16,2024-12-24 01:29:16
826,13,2024-12-24 01:29:16,2024-12-24 01:29:16
827,137,2024-12-24 01:29:16,2024-12-24 01:29:16
828,373,2024-12-24 01:29:16,2024-12-24 01:29:16
829,169,2024-12-24 01:29:16,2024-12-24 01:29:16
830,167,2024-12-24 01:29:16,2024-12-24 01:29:16
831,343,2024-12-24 01:29:16,2024-12-24 01:29:16
832,61,2024-12-24 01:29:16,2024-12-24 01:29:16
833,182,2024-12-24 01:29:16,2024-12-24 01:29:16
834,244,2024-12-24 01:29:16,2024-12-24 01:29:16
835,116,2024-12-24 01:29:16,2024-12-24 01:29:16
836,172,2024-12-24 01:29:16,2024-12-24 01:29:16
837,136,2024-12-24 01:29:16,2024-12-24 01:29:16
838,202,2024-12-24 01:29:16,2024-12-24 01:29:16
839,64,2024-12-24 01:29:16,2024-12-24 01:29:16
840,277,2024-12-24 01:29:16,2024-12-24 01:29:16
841,419,2024-12-24 01:29:16,2024-12-24 01:29:16
842,8,2024-12-24 01:29:16,2024-12-24 01:29:16
843,308,2024-12-24 01:29:16,2024-12-24 01:29:16
844,299,2024-12-24 01:29:16,2024-12-24 01:29:16
845,303,2024-12-24 01:29:16,2024-12-24 01:29:16
846,253,2024-12-24 01:29:16,2024-12-24 01:29:16
847,453,2024-12-24 01:29:16,2024-12-24 01:29:16
848,54,2024-12-24 01:29:16,2024-12-24 01:29:16
849,16,2024-12-24 01:29:16,2024-12-24 01:29:16
850,3,2024-12-24 01:29:16,2024-12-24 01:29:16
851,486,2024-12-24 01:29:16,2024-12-24 01:29:16
852,234,2024-12-24 01:29:16,2024-12-24 01:29:16
853,153,2024-12-24 01:29:16,2024-12-24 01:29:16
854,154,2024-12-24 01:29:16,2024-12-24 01:29:16
855,159,2024-12-24 01:29:16,2024-12-24 01:29:16
856,70,2024-12-24 01:29:16,2024-12-24 01:29:16
857,145,2024-12-24 01:29:16,2024-12-24 01:29:16
858,277,2024-12-24 01:29:16,2024-12-24 01:29:16
859,381,2024-12-24 01:29:16,2024-12-24 01:29:16
860,312,2024-12-24 01:29:16,2024-12-24 01:29:16
861,415,2024-12-24 01:29:16,2024-12-24 01:29:16
862,470,2024-12-24 01:29:16,2024-12-24 01:29:16
863,1,2024-12-24 01:29:16,2024-12-24 01:29:16
864,374,2024-12-24 01:29:16,2024-12-24 01:29:16
865,439,2024-12-24 01:29:16,2024-12-24 01:29:16
866,474,2024-12-24 01:29:16,2024-12-24 01:29:16
867,329,2024-12-24 01:29:16,2024-12-24 01:29:16
868,89,2024-12-24 01:29:16,2024-12-24 01:29:16
869,164,2024-12-24 01:29:16,2024-12-24 01:29:16
870,351,2024-12-24 01:29:16,2024-12-24 01:29:16
871,282,2024-12-24 01:29:16,2024-12-24 01:29:16
872,168,2024-12-24 01:29:16,2024-12-24 01:29:16
873,219,2024-12-24 01:29:16,2024-12-24 01:29:16
874,362,2024-12-24 01:29:16,2024-12-24 01:29:16
875,470,2024-12-24 01:29:16,2024-12-24 01:29:16
876,205,2024-12-24 01:29:16,2024-12-24 01:29:16
877,139,2024-12-24 01:29:16,2024-12-24 01:29:16
878,297,2024-12-24 01:29:16,2024-12-24 01:29:16
879,214,2024-12-24 01:29:16,2024-12-24 01:29:16
880,141,2024-12-24 01:29:16,2024-12-24 01:29:16
881,66,2024-12-24 01:29:16,2024-12-24 01:29:16
882,187,2024-12-24 01:29:16,2024-12-24 01:29:16
883,123,2024-12-24 01:29:16,2024-12-24 01:29:16
884,117,2024-12-24 01:29:16,2024-12-24 01:29:16
885,6,2024-12-24 01:29:16,2024-12-24 01:29:16
886,440,2024-12-24 01:29:16,2024-12-24 01:29:16
887,30,2024-12-24 01:29:16,2024-12-24 01:29:16
888,147,2024-12-24 01:29:16,2024-12-24 01:29:16
889,414,2024-12-24 01:29:16,2024-12-24 01:29:16
890,102,2024-12-24 01:29:16,2024-12-24 01:29:16
891,216,2024-12-24 01:29:16,2024-12-24 01:29:16
892,393,2024-12-24 01:29:16,2024-12-24 01:29:16
893,66,2024-12-24 01:29:16,2024-12-24 01:29:16
894,0,2024-12-24 01:29:16,2024-12-24 01:29:16
895,189,2024-12-24 01:29:16,2024-12-24 01:29:16
896,419,2024-12-24 01:29:16,2024-12-24 01:29:16
897,89,2024-12-24 01:29:16,2024-12-24 01:29:16
898,283,2024-12-24 01:29:16,2024-12-24 01:29:16
899,205,2024-12-24 01:29:16,2024-12-24 01:29:16
900,139,2024-12-24 01:29:16,2024-12-24 01:29:16
901,84,2024-12-24 01:29:16,2024-12-24 01:29:16
902,139,2024-12-24 01:29:16,2024-12-24 01:29:16
903,356,2024-12-24 01:29:16,2024-12-24 01:29:16
904,273,2024-12-24 01:29:16,2024-12-24 01:29:16
905,304,2024-12-24 01:29:16,2024-12-24 01:29:16
906,222,2024-12-24 01:29:16,2024-12-24 01:29:16
907,308,2024-12-24 01:29:16,2024-12-24 01:29:16
908,242,2024-12-24 01:29:16,2024-12-24 01:29:16
909,119,2024-12-24 01:29:16,2024-12-24 01:29:16
910,438,2024-12-24 01:29:16,2024-12-24 01:29:16
911,478,2024-12-24 01:29:16,2024-12-24 01:29:16
912,80,2024-12-24 01:29:16,2024-12-24 01:29:16
913,277,2024-12-24 01:29:16,2024-12-24 01:29:16
914,276,2024-12-24 01:29:16,2024-12-24 01:29:16
915,365,2024-12-24 01:29:16,2024-12-24 01:29:16
916,485,2024-12-24 01:29:16,2024-12-24 01:29:16
917,223,2024-12-24 01:29:16,2024-12-24 01:29:16
918,485,2024-12-24 01:29:16,2024-12-24 01:29:16
919,87,2024-12-24 01:29:16,2024-12-24 01:29:16
920,63,2024-12-24 01:29:16,2024-12-24 01:29:16
921,260,2024-12-24 01:29:16,2024-12-24 01:29:16
922,404,2024-12-24 01:29:16,2024-12-24 01:29:16
923,436,2024-12-24 01:29:16,2024-12-24 01:29:16
924,148,2024-12-24 01:29:16,2024-12-24 01:29:16
925,165,2024-12-24 01:29:16,2024-12-24 01:29:16
926,308,2024-12-24 01:29:16,2024-12-24 01:29:16
927,388,2024-12-24 01:29:16,2024-12-24 01:29:16
928,300,2024-12-24 01:29:16,2024-12-24 01:29:16
929,278,2024-12-24 01:29:16,2024-12-24 01:29:16
930,57,2024-12-24 01:29:16,2024-12-24 01:29:16
931,118,2024-12-24 01:29:16,2024-12-24 01:29:16
932,80,2024-12-24 01:29:16,2024-12-24 01:29:16
933,118,2024-12-24 01:29:16,2024-12-24 01:29:16
934,197,2024-12-24 01:29:16,2024-12-24 01:29:16
935,58,2024-12-24 01:29:16,2024-12-24 01:29:16
936,454,2024-12-24 01:29:16,2024-12-24 01:29:16
937,176,2024-12-24 01:29:16,2024-12-24 01:29:16
938,116,2024-12-24 01:29:16,2024-12-24 01:29:16
939,369,2024-12-24 01:29:16,2024-12-24 01:29:16
940,30,2024-12-24 01:29:16,2024-12-24 01:29:16
941,440,2024-12-24 01:29:16,2024-12-24 01:29:16
942,77,2024-12-24 01:29:16,2024-12-24 01:29:16
943,440,2024-12-24 01:29:16,2024-12-24 01:29:16
944,285,2024-12-24 01:29:16,2024-12-24 01:29:16
945,320,2024-12-24 01:29:16,2024-12-24 01:29:16
946,90,2024-12-24 01:29:16,2024-12-24 01:29:16
947,374,2024-12-24 01:29:16,2024-12-24 01:29:16
948,48,2024-12-24 01:29:16,2024-12-24 01:29:16
949,363,2024-12-24 01:29:16,2024-12-24 01:29:16
950,440,2024-12-24 01:29:16,2024-12-24 01:29:16
951,203,2024-12-24 01:29:16,2024-12-24 01:29:16
952,242,2024-12-24 01:29:16,2024-12-24 01:29:16
953,458,2024-12-24 01:29:16,2024-12-24 01:29:16
954,122,2024-12-24 01:29:16,2024-12-24 01:29:16
955,343,2024-12-24 01:29:16,2024-12-24 01:29:16
956,449,2024-12-24 01:29:16,2024-12-24 01:29:16
957,133,2024-12-24 01:29:16,2024-12-24 01:29:16
958,144,2024-12-24 01:29:16,2024-12-24 01:29:16
959,460,2024-12-24 01:29:16,2024-12-24 01:29:16
960,180,2024-12-24 01:29:16,2024-12-24 01:29:16
961,285,2024-12-24 01:29:16,2024-12-24 01:29:16
962,184,2024-12-24 01:29:16,2024-12-24 01:29:16
963,314,2024-12-24 01:29:16,2024-12-24 01:29:16
964,38,2024-12-24 01:29:16,2024-12-24 01:29:16
965,29,2024-12-24 01:29:16,2024-12-24 01:29:16
966,363,2024-12-24 01:29:16,2024-12-24 01:29:16
967,160,2024-12-24 01:29:16,2024-12-24 01:29:16
968,82,2024-12-24 01:29:16,2024-12-24 01:29:16
969,134,2024-12-24 01:29:16,2024-12-24 01:29:16
970,458,2024-12-24 01:29:16,2024-12-24 01:29:16
971,471,2024-12-24 01:29:16,2024-12-24 01:29:16
972,160,2024-12-24 01:29:16,2024-12-24 01:29:16
973,63,2024-12-24 01:29:16,2024-12-24 01:29:16
974,328,2024-12-24 01:29:16,2024-12-24 01:29:16
975,405,2024-12-24 01:29:16,2024-12-24 01:29:16
976,454,2024-12-24 01:29:16,2024-12-24 01:29:16
977,119,2024-12-24 01:29:16,2024-12-24 01:29:16
978,206,2024-12-24 01:29:16,2024-12-24 01:29:16
979,45,2024-12-24 01:29:16,2024-12-24 01:29:16
980,459,2024-12-24 01:29:16,2024-12-24 01:29:16
981,456,2024-12-24 01:29:16,2024-12-24 01:29:16
982,148,2024-12-24 01:29:16,2024-12-24 01:29:16
983,42,2024-12-24 01:29:16,2024-12-24 01:29:16
984,255,2024-12-24 01:29:16,2024-12-24 01:29:16
985,29,2024-12-24 01:29:16,2024-12-24 01:29:16
986,43,2024-12-24 01:29:16,2024-12-24 01:29:16
987,489,2024-12-24 01:29:16,2024-12-24 01:29:16
988,290,2024-12-24 01:29:16,2024-12-24 01:29:16
989,347,2024-12-24 01:29:16,2024-12-24 01:29:16
990,20,2024-12-24 01:29:16,2024-12-24 01:29:16
991,80,2024-12-24 01:29:16,2024-12-24 01:29:16
992,216,2024-12-24 01:29:16,2024-12-24 01:29:16
993,67,2024-12-24 01:29:16,2024-12-24 01:29:16
994,145,2024-12-24 01:29:16,2024-12-24 01:29:16
995,451,2024-12-24 01:29:16,2024-12-24 01:29:16
996,254,2024-12-24 01:29:16,2024-12-24 01:29:16
997,137,2024-12-24 01:29:16,2024-12-24 01:29:16
998,341,2024-12-24 01:29:16,2024-12-24 01:29:16
999,493,2024-12-24 01:29:16,2024-12-24 01:29:16
1000,315,2024-12-24 01:29:16,2024-12-24 01:29:16
